Parameter,Patients_With_Data,Missing_Patients,Missing_Percentage
TroponinI,171,3029,94.65625
Cholesterol,243,2957,92.40625
TroponinT,682,2518,78.6875
RespRate,875,2325,72.65625
Albumin,1302,1898,59.3125
ALP,1357,1843,57.59375
Bilirubin,1376,1824,56.99999999999999
ALT,1385,1815,56.71874999999999
AST,1388,1812,56.625
SaO2,1453,1747,54.59375
Lactate,1753,1447,45.21875
MechVent,2034,1166,36.4375
FiO2,2183,1017,31.78125
MAP,2251,949,29.65625
SysABP,2256,944,29.5
DiasABP,2256,944,29.5
PaCO2,2436,764,23.875
PaO2,2436,764,23.875
pH,2450,750,23.4375
NIMAP,2759,441,13.78125
NIDiasABP,2761,439,13.718749999999998
NISysABP,2770,430,13.4375
Glucose,3098,102,3.1875
Urine,3105,95,2.96875
K,3112,88,2.75
Mg,3113,87,2.71875
HCO3,3132,68,2.125
Na,3133,67,2.09375
WBC,3135,65,2.03125
Platelets,3138,62,1.9375
BUN,3142,58,1.8124999999999998
Creatinine,3142,58,1.8124999999999998
HCT,3143,57,1.7812499999999998
GCS,3145,55,1.7187500000000002
Temp,3145,55,1.7187500000000002
HR,3146,54,1.6875
Age,3200,0,0.0
Gender,3200,0,0.0
ICUType,3200,0,0.0
Height,3200,0,0.0
RecordID,3200,0,0.0
Weight,3200,0,0.0
