Parameter,Missing_Count,Total_Count,Missing_Percentage
Height,1503,3200,46.96875
Weight,258,101282,0.2547343061945854
Gender,2,3200,0.0625
AST,0,2530,0.0
Albumin,0,1898,0.0
BUN,0,11078,0.0
Bilirubin,0,2525,0.0
Age,0,3200,0.0
ALP,0,2451,0.0
ALT,0,2527,0.0
DiasABP,0,117346,0.0
Creatinine,0,11132,0.0
Cholesterol,0,251,0.0
GCS,0,49199,0.0
Glucose,0,10326,0.0
HCO3,0,10830,0.0
HCT,0,14657,0.0
FiO2,0,25883,0.0
ICUType,0,3200,0.0
K,0,11468,0.0
Lactate,0,6335,0.0
MAP,0,117502,0.0
MechVent,0,24855,0.0
Mg,0,10807,0.0
NIDiasABP,0,77456,0.0
HR,0,182280,0.0
NIMAP,0,76419,0.0
NISysABP,0,77544,0.0
PaCO2,0,18808,0.0
Na,0,10769,0.0
Platelets,0,11260,0.0
RecordID,0,3200,0.0
RespRate,0,43663,0.0
PaO2,0,18785,0.0
SaO2,0,6734,0.0
SysABP,0,117408,0.0
TroponinI,0,356,0.0
Temp,0,69491,0.0
TroponinT,0,1643,0.0
Urine,0,109818,0.0
WBC,0,10310,0.0
pH,0,19670,0.0
